
INSERT INTO account(id,status,market_id,role,email,phone,first_name,last_name,created,docebo_user_id,docebo_username,photo,migration_id,migrated_to_auth0)
VALUES ('1','ACTIVE',null,'SUPER_ADMIN','devs+1@digitaldetox.co.uk','1234567','Chris','Evans','2020-06-12 10:19:47',13999,'devs+1@digitaldetox.co.uk','https://media.spokesman.com/photos/2020/08/28/5f49c8a43a16d.hires.jpg',null,FALSE);
INSERT INTO account(id,status,market_id,role,email,phone,first_name,last_name,created,docebo_user_id,docebo_username,photo,migration_id,migrated_to_auth0)
VALUES ('2','ACTIVE',1,'MARKET_ADMIN','devs+2@digitaldetox.co.uk','1234567','Kim','Jong Un','2020-06-12 10:19:47',14000,'devs+2@digitaldetox.co.uk','https://ichef.bbci.co.uk/news/1024/cpsprodpb/1244D/production/_117892847_tv066659879.jpg',null,FALSE);
INSERT INTO account(id,status,market_id,role,email,phone,first_name,last_name,created,docebo_user_id,docebo_username,photo,migration_id,migrated_to_auth0)
VALUES ('3','ACTIVE',1,'COMPANY_ADMIN','devs+3@digitaldetox.co.uk','1234567','Dom','Perignon','2020-06-12 10:19:47',13988,'devs+3@digitaldetox.co.uk','https://vinepair.com/wp-content/uploads/2017/01/domperignon-internal.jpg',null,FALSE);
INSERT INTO account(id,status,market_id,role,email,phone,first_name,last_name,created,docebo_user_id,docebo_username,photo,migration_id,migrated_to_auth0)
VALUES ('4','ACTIVE',1,'COMPANY_ADMIN','devs+4@digitaldetox.co.uk','1234567','Ben','Afleck','2020-06-12 10:19:47',13989,'devs+4@digitaldetox.co.uk','https://upload.wikimedia.org/wikipedia/commons/thumb/7/70/Ben_Affleck_by_Gage_Skidmore_3.jpg/440px-Ben_Affleck_by_Gage_Skidmore_3.jpg',null,FALSE);
INSERT INTO account(id,status,market_id,role,email,phone,first_name,last_name,created,docebo_user_id,docebo_username,photo,migration_id,migrated_to_auth0)
VALUES ('5','ACTIVE',1,'COMPANY_ADMIN','devs+5@digitaldetox.co.uk','1234567','Steve','Jobs','2020-06-12 10:19:47',13990,'devs+5@digitaldetox.co.uk','https://i0.wp.com/9to5mac.com/wp-content/uploads/sites/6/2021/02/Tim-Cook-remembers-Steve-Jobs.jpg',null,FALSE);
INSERT INTO account(id,status,market_id,role,email,phone,first_name,last_name,created,docebo_user_id,docebo_username,photo,migration_id,migrated_to_auth0)
VALUES ('6','ACTIVE',1,'INSTALLER','devs+6@digitaldetox.co.uk','1234567','Umit','Davala','2020-06-12 10:19:47',13991,'devs+6@digitaldetox.co.uk','https://www.bdfutbol.com/i/j/92223b.jpg',null,FALSE);
INSERT INTO account(id,status,market_id,role,email,phone,first_name,last_name,created,docebo_user_id,docebo_username,photo,migration_id,migrated_to_auth0)
VALUES ('7','ACTIVE',1,'COMPANY_ADMIN','devs+7@digitaldetox.co.uk','1234567','Franz','Ferdinand','2020-06-12 10:19:47',13992,'devs+7@digitaldetox.co.uk','https://images.findagrave.com/photos250/photos/2004/347/7019333_110295165370.jpg',null,FALSE);
INSERT INTO account(id,status,market_id,role,email,phone,first_name,last_name,created,docebo_user_id,docebo_username,photo,migration_id,migrated_to_auth0)
VALUES ('8','ACTIVE',1,'INSTALLER','devs+8@digitaldetox.co.uk','1234567','Chicho','Ibañez Serrador','2020-06-12 10:19:47',13993,'devs+8@digitaldetox.co.uk','https://i2-prod.mirror.co.uk/incoming/article3775968.ece/ALTERNATES/s615b/Archduke-Franz-Ferdinand-of-Austria.jpg',null,FALSE);
INSERT INTO account(id,status,market_id,role,email,phone,first_name,last_name,created,docebo_user_id,docebo_username,photo,migration_id,migrated_to_auth0)
VALUES ('9','ACTIVE',1,'INSTALLER','devs+9@digitaldetox.co.uk','1234567','Nicky','Lauder','2020-06-12 10:19:47',13994,'devs+9@digitaldetox.co.uk','https://upload.wikimedia.org/wikipedia/commons/thumb/2/21/Niki_Lauda_helmet_Museo_Ferrari.jpg',null,FALSE);
INSERT INTO account(id,status,market_id,role,email,phone,first_name,last_name,created,docebo_user_id,docebo_username,photo,migration_id,migrated_to_auth0)
VALUES ('10','ACTIVE',1,'INSTALLER','devs+10@digitaldetox.co.uk','1234567','Ian','McKellen','2020-06-12 10:19:47',13997,'devs+10@digitaldetox.co.uk','https://upload.wikimedia.org/wikipedia/commons/1/15/SDCC13_-_Ian_McKellen.jpg',null,FALSE);
INSERT INTO account(id,status,market_id,role,email,phone,first_name,last_name,created,docebo_user_id,docebo_username,photo,migration_id,migrated_to_auth0)
VALUES ('11','ACTIVE',1,'INSTALLER','devs+11@digitaldetox.co.uk','1234567','Simon','Pegg','2020-06-12 10:19:47',13995,'devs+11@digitaldetox.co.uk','https://www.onthisday.com/images/people/simon-pegg-medium.jpg',null,FALSE);
INSERT INTO account(id,status,market_id,role,email,phone,first_name,last_name,created,docebo_user_id,docebo_username,photo,migration_id,migrated_to_auth0)
VALUES ('12','SUSPENDED',1,'INSTALLER','devs+12@digitaldetox.co.uk','1234567','Sam','Smith','2020-06-12 10:19:47',13996,'devs+12@digitaldetox.co.uk','https://cdn.britannica.com/65/187865-050-6A95231B/Sam-Smith-British.jpg',null,FALSE);
INSERT INTO account(id,status,market_id,role,email,phone,first_name,last_name,created,docebo_user_id,docebo_username,photo,migration_id,migrated_to_auth0)
VALUES ('13','ACTIVE',1,'INSTALLER','devs+13@digitaldetox.co.uk','1234567','Alessandro','Del Piero','2020-06-12 10:19:47',13998,'devs+13@digitaldetox.co.uk','https://upload.wikimedia.org/wikipedia/commons/thumb/c/cc/Alessandro_Del_Piero_in_2014.jpg',null,FALSE);


INSERT INTO address(id,first_line,second_line,town,region,country,postcode,coordinates,migration_id)
VALUES ('1','Blue Star House','234-244 Stockwell Road','Brixton','London','UK','SW9 9SP',null,null);
INSERT INTO address(id,first_line,second_line,town,region,country,postcode,coordinates,migration_id)
VALUES ('2','Piazza di Trevi',null,'Roma',null,'Italy','00187 Roma RM',null,null);
INSERT INTO address(id,first_line,second_line,town,region,country,postcode,coordinates,migration_id)
VALUES ('3','328 Coldharbour Lane','Brixton','London',null,'UK','SW9 8QH',null,null);
INSERT INTO address(id,first_line,second_line,town,region,country,postcode,coordinates,migration_id)
VALUES ('4','Nursery Rd','Brixton','London',null,'UK','SW9 8BP','(51.4632583,-0.1194107)',null);
INSERT INTO address(id,first_line,second_line,town,region,country,postcode,coordinates,migration_id)
VALUES ('5','Praça do Príncipe Real 23 24','Near the Castle','Lisbon',null,'Portugal','1250-096 Lisboa','(38.7170416,-9.1510413)',null);
INSERT INTO address(id,first_line,second_line,town,region,country,postcode,coordinates,migration_id)
VALUES ('6','39 Old Castle Rd',null,'Weymouth','Wessex','UK','DT4 8QE','(50.59561739999999,-2.4619225)',null);
INSERT INTO address(id,first_line,second_line,town,region,country,postcode,coordinates,migration_id)
VALUES ('7','1 Brixton Hill','Brixton','London','London','UK','SW2 1RW',null,null);
INSERT INTO address(id,first_line,second_line,town,region,country,postcode,coordinates,migration_id)
VALUES ('8','49 Brixton Station Rd','Brixton','London','London','UK','SW9 8PQ',null,null);
INSERT INTO address(id,first_line,second_line,town,region,country,postcode,coordinates,migration_id)
VALUES ('9','211 Stockwell Rd','Brixton','London','London','UK','SW9 9SL',null,null);
INSERT INTO address(id,first_line,second_line,town,region,country,postcode,coordinates,migration_id)
VALUES ('10','103 Gaunt St','Lambeth','London','London','UK','SE1 6DP',null,null);
INSERT INTO address(id,first_line,second_line,town,region,country,postcode,coordinates,migration_id)
VALUES ('11','12 Alice Mansions','Soho','London','London','UK','UK W1A',null,null);
INSERT INTO address(id,first_line,second_line,town,region,country,postcode,coordinates,migration_id)
VALUES ('12','15 Bob Monk House','Covent Garden','London','London','UK','W1C8RJ',null,null);
INSERT INTO address(id,first_line,second_line,town,region,country,postcode,coordinates,migration_id)
VALUES ('13','23 Shakespeare House','Barbican','London','London','UK','EC1',null,null);
INSERT INTO address(id,first_line,second_line,town,region,country,postcode,coordinates,migration_id)
VALUES ('14','4 Oxford Street',null,'London','London','UK','W1B 5LP',null,null);
INSERT INTO address(id,first_line,second_line,town,region,country,postcode,coordinates,migration_id)
VALUES ('15','Next to Bluestar House','234-244 Stockwell Road','Brixton','London','UK','SW9 9SP',null,null);
INSERT INTO address(id,first_line,second_line,town,region,country,postcode,coordinates,migration_id)
VALUES ('16','4 Oxford Street',null,'London','London','UK','W1B 5LP',null,null);


INSERT INTO certification(id,docebo_user_id,technology,name,expiry_date)
VALUES ('1',13988,'FLAT','Flat Roof Technology Certification (12 months) - demo only','2022-01-01 12:00:00');
INSERT INTO certification(id,docebo_user_id,technology,name,expiry_date)
VALUES ('2',13991,'FLAT','BMI Flat Roof Technology Certification (12 months) demo only','2022-01-01 12:00:00');
INSERT INTO certification(id,docebo_user_id,technology,name,expiry_date)
VALUES ('3',13992,'FLAT','BMI Flat Roof Technology Certification (12 months) demo only','2022-01-01 12:00:00');
INSERT INTO certification(id,docebo_user_id,technology,name,expiry_date)
VALUES ('4',13993,'FLAT','FBMI Flat Roof Technology Certification (12 months) demo only','2022-01-01 12:00:00');
INSERT INTO certification(id,docebo_user_id,technology,name,expiry_date)
VALUES ('5',13988,'PITCHED','Slope Master Certified demo only','2022-01-01 12:00:00');
INSERT INTO certification(id,docebo_user_id,technology,name,expiry_date)
VALUES ('6',13992,'PITCHED','BMI Pitched Roof Technology Certification (12 months) demo only','2022-01-01 12:00:00');
INSERT INTO certification(id,docebo_user_id,technology,name,expiry_date)
VALUES ('7',13993,'PITCHED','BMI Pitched Roof Technology Certification (12 months) demo only','2022-01-01 12:00:00');
INSERT INTO certification(id,docebo_user_id,technology,name,expiry_date)
VALUES ('8',13989,'PITCHED','BMI Pitched Roof Technology Certification (12 months) demo only','2022-01-01 12:00:00');
INSERT INTO certification(id,docebo_user_id,technology,name,expiry_date)
VALUES ('9',13990,'PITCHED','BMI Pitched Roof Technology Certification (12 months) demo only','2022-01-01 12:00:00');
INSERT INTO certification(id,docebo_user_id,technology,name,expiry_date)
VALUES ('10',13991,'PITCHED','BMI Pitched Roof Technology Certification (12 months) demo only','2021-05-28 12:00:00');
INSERT INTO certification(id,docebo_user_id,technology,name,expiry_date)
VALUES ('11',13994,'OTHER','BMI Contractor Health & Safety Certification (12 months) demo only','2023-12-18 12:00:00');
INSERT INTO certification(id,docebo_user_id,technology,name,expiry_date)
VALUES ('12',13998,'FLAT','BMI Flat Roof Technology Certification (12 months) demo only','2022-01-01 12:00:00');
INSERT INTO certification(id,docebo_user_id,technology,name,expiry_date)
VALUES ('13',13998,'PITCHED','BMI Flat Roof Technology Certification (12 months) demo only','2022-01-01 12:00:00');
INSERT INTO certification(id,docebo_user_id,technology,name,expiry_date)
VALUES ('14',13997,'FLAT','BMI Flat Roof Technology Certification (12 months) demo only','2022-01-01 12:00:00');
INSERT INTO certification(id,docebo_user_id,technology,name,expiry_date)
VALUES ('15',13997,'PITCHED','BMI Flat Roof Technology Certification (12 months) demo only','2022-01-01 12:00:00');


INSERT INTO company(id,market_id,registered_address_id,trading_address_id,owner_fullname,owner_email,owner_phone,business_type,tier,status,registered_by,registered_date,name,tax_number,phone,about_us,public_email,website,facebook,linked_in,reference_number,logo,migration_id,trading_address_migration_id,registered_address_migration_id)
VALUES ('1',1,1,4,'Don Cheadle','don@test.com','1232123','CONTRACTOR','T2','ACTIVE','twhorlton0@miibeian.gov.cn','2020-10-20 12:00:00','Integrated Solutions Inc - demo only','63323-463','8439854588','This is a test company. It is not real data.  It should never be confused with a real roofing company.',null,'https://sphinn.com','https://www.facebook.com/WhiteHouse/','https://www.linkedin.com/company/the-white-house','1000000','https://upload.wikimedia.org/wikipedia/commons/6/63/Integrated_Engineering_Solutions.png',null,null,null);
INSERT INTO company(id,market_id,registered_address_id,trading_address_id,owner_fullname,owner_email,owner_phone,business_type,tier,status,registered_by,registered_date,name,tax_number,phone,about_us,public_email,website,facebook,linked_in,reference_number,logo,migration_id,trading_address_migration_id,registered_address_migration_id)
VALUES ('2',1,2,5,'Liam Gallagher','liam@test.com','234234','CONTRACTOR','T4','ACTIVE','mbrosch1@go.com','2020-11-20 12:00:00','Pathfinder Construction Ltd - demo only','0378-4094','7572089959',null,null,'https://oracle.com','https://www.facebook.com/europeanparliament','https://www.linkedin.com/company/eu','1000001','https://upload.wikimedia.org/wikipedia/commons/7/7d/A_Red_Star.png',null,null,null);
INSERT INTO company(id,market_id,registered_address_id,trading_address_id,owner_fullname,owner_email,owner_phone,business_type,tier,status,registered_by,registered_date,name,tax_number,phone,about_us,public_email,website,facebook,linked_in,reference_number,logo,migration_id,trading_address_migration_id,registered_address_migration_id)
VALUES ('3',1,3,6,'Charlotte Church','charlotte@test.com','345345','CONTRACTOR','T3','DEACTIVATED','dhechlin2@amazon.com','2020-9-20 12:00:00','dXB Roofing PLC - demo only','49738-530',null,null,'liacovielli2@discovery.com','https://utexas.edu','https://www.facebook.com/Sony/','https://in.linkedin.com/company/sony','1000002','https://upload.wikimedia.org/wikipedia/commons/3/33/StubMetal.png',null,null,null);


INSERT INTO company_document(id,company_id,document)
VALUES ('1',1,'http://www.africau.edu/images/default/sample.pdf');


INSERT INTO company_member(id,market_id,account_id,company_id)
VALUES ('1',1,3,1);
INSERT INTO company_member(id,market_id,account_id,company_id)
VALUES ('2',1,4,1);
INSERT INTO company_member(id,market_id,account_id,company_id)
VALUES ('3',1,5,1);
INSERT INTO company_member(id,market_id,account_id,company_id)
VALUES ('4',1,6,1);
INSERT INTO company_member(id,market_id,account_id,company_id)
VALUES ('5',1,7,2);
INSERT INTO company_member(id,market_id,account_id,company_id)
VALUES ('6',1,8,2);
INSERT INTO company_member(id,market_id,account_id,company_id)
VALUES ('7',1,9,2);
INSERT INTO company_member(id,market_id,account_id,company_id)
VALUES ('8',1,10,3);


INSERT INTO company_operation(id,company,operation)
VALUES ('1',1,'PITCHED');
INSERT INTO company_operation(id,company,operation)
VALUES ('2',1,'FLAT');
INSERT INTO company_operation(id,company,operation)
VALUES ('3',2,'FLAT');
INSERT INTO company_operation(id,company,operation)
VALUES ('4',3,'PITCHED');
INSERT INTO company_operation(id,company,operation)
VALUES ('5',3,'FLAT');
INSERT INTO company_operation(id,company,operation)
VALUES ('6',3,'SOLAR');


INSERT INTO evidence_item(id,custom_evidence_category_key,project_id,guarantee_id,evidence_category_type,name,attachment)
VALUES ('1',null,1,1,'PROOF_OF_PURCHASE','stock-vector-realistic-paper-shop-receipt-with-barcode-vector-shop-terminal-768909406.jpg','https://image.shutterstock.com/z/stock-vector-realistic-paper-shop-receipt-with-barcode-vector-shop-terminal-768909406.jpg');
INSERT INTO evidence_item(id,custom_evidence_category_key,project_id,guarantee_id,evidence_category_type,name,attachment)
VALUES ('2',null,1,2,'PROOF_OF_PURCHASE','450px-Interior_drain_replacement.jpg','https://upload.wikimedia.org/wikipedia/commons/thumb/3/34/Interior_drain_replacement.jpg/450px-Interior_drain_replacement.jpg');
INSERT INTO evidence_item(id,custom_evidence_category_key,project_id,guarantee_id,evidence_category_type,name,attachment)
VALUES ('3',null,3,3,'PROOF_OF_PURCHASE','450px-Interior_drain_replacement.jpg','https://upload.wikimedia.org/wikipedia/commons/thumb/3/34/Interior_drain_replacement.jpg/450px-Interior_drain_replacement.jpg');
INSERT INTO evidence_item(id,custom_evidence_category_key,project_id,guarantee_id,evidence_category_type,name,attachment)
VALUES ('4','PITCHED_DETAILS',3,3,'CUSTOM','gargoyle-images-manchester-600w-71247169.jpg','https://c7.alamy.com/comp/FK32Y4/st-matthews-church-in-brixton-hill-south-london-FK32Y4.jpg');
INSERT INTO evidence_item(id,custom_evidence_category_key,project_id,guarantee_id,evidence_category_type,name,attachment)
VALUES ('5','PITCHED_DETAILS',3,3,'CUSTOM','gargoyle-fountain-detail-close-600w-499048789.jpg','https://image.shutterstock.com/image-photo/gargoyle-fountain-detail-close-600w-499048789.jpg');
INSERT INTO evidence_item(id,custom_evidence_category_key,project_id,guarantee_id,evidence_category_type,name,attachment)
VALUES ('6','PITCHED_VENTILATION',3,3,'CUSTOM','dancing-friends-600w-717409222.jpg','https://image.shutterstock.com/image-photo/dancing-friends-600w-717409222.jpg');
INSERT INTO evidence_item(id,custom_evidence_category_key,project_id,guarantee_id,evidence_category_type,name,attachment)
VALUES ('7','PITCHED_VENTILATION',3,3,'CUSTOM','Army_Photography_Contest_-_2007_-_FMWRC_-_Arts_and_Crafts_-_A_Plumpish_Proportion_%284930276154%29.jpg','https://image.shutterstock.com/image-photo/dramatic-picture-frozen-medieval-dragon-600w-131654306.jpg');
INSERT INTO evidence_item(id,custom_evidence_category_key,project_id,guarantee_id,evidence_category_type,name,attachment)
VALUES ('8','PITCHED_DETAILS',4,4,'CUSTOM','ministry-of-sound-24-1.jpg','https://paradise.london/wp-content/uploads/2019/08/ministry-of-sound-24-1.jpg');
INSERT INTO evidence_item(id,custom_evidence_category_key,project_id,guarantee_id,evidence_category_type,name,attachment)
VALUES ('9','PITCHED_DETAILS',4,4,'CUSTOM','prague-czech-republic-august-172019-600w-1722304249.jpg','https://image.shutterstock.com/image-photo/prague-czech-republic-august-172019-600w-1722304249.jpg');
INSERT INTO evidence_item(id,custom_evidence_category_key,project_id,guarantee_id,evidence_category_type,name,attachment)
VALUES ('10','PITCHED_VENTILATION',4,4,'CUSTOM','rooftop-party.html','https://depositphotos.com/stock-photos/rooftop-party.html');
INSERT INTO evidence_item(id,custom_evidence_category_key,project_id,guarantee_id,evidence_category_type,name,attachment)
VALUES ('11','PITCHED_VENTILATION',4,4,'CUSTOM','Ceiling-leak.jpg','https://rennisonroofing.com/wp-content/uploads/2020/04/Ceiling-leak.jpg');
INSERT INTO evidence_item(id,custom_evidence_category_key,project_id,guarantee_id,evidence_category_type,name,attachment)
VALUES ('12',null,4,null,'MISCELLANEOUS','2880px-Dunvegan_Castle_in_the_mist01editcrop_2007-08-22.jpg','https://upload.wikimedia.org/wikipedia/commons/thumb/3/3b/Dunvegan_Castle_in_the_mist01editcrop_2007-08-22.jpg/2880px-Dunvegan_Castle_in_the_mist01editcrop_2007-08-22.jpg');
INSERT INTO evidence_item(id,custom_evidence_category_key,project_id,guarantee_id,evidence_category_type,name,attachment)
VALUES ('13',null,4,null,'MISCELLANEOUS','1920px-Eichenberg_01.JPG','https://upload.wikimedia.org/wikipedia/commons/thumb/3/37/Eichenberg_01.JPG/1920px-Eichenberg_01.JPG');
INSERT INTO evidence_item(id,custom_evidence_category_key,project_id,guarantee_id,evidence_category_type,name,attachment)
VALUES ('14',null,2,null,'MISCELLANEOUS','1024px-Convento_Cristo_December_2008-2a.jpg','https://upload.wikimedia.org/wikipedia/commons/thumb/d/d2/Convento_Cristo_December_2008-2a.jpg/1024px-Convento_Cristo_December_2008-2a.jpg');
INSERT INTO evidence_item(id,custom_evidence_category_key,project_id,guarantee_id,evidence_category_type,name,attachment)
VALUES ('15',null,2,null,'MISCELLANEOUS','1920px-02.Trinidad_%2859%29.JPG','https://upload.wikimedia.org/wikipedia/commons/thumb/e/ed/02.Trinidad_%2859%29.JPG/1920px-02.Trinidad_%2859%29.JPG');


INSERT INTO guarantee(id,file_storage_id,requestor_account_id,project_id,guarantee_reference_code,system_bmi_ref,product_bmi_ref,reviewer_account_id,coverage,language_code,status,start_date,expiry_date,bmi_reference_id)
VALUES ('1','http://www.africau.edu/images/default/sample.pdf',3,1,'PITCHED_PRODUCT',null,'BMI-NO-PROD-001',null,'PRODUCT','en','APPROVED','2021-04-20 12:00:00','2061-04-20 12:00:00','MOCK-1');
INSERT INTO guarantee(id,file_storage_id,requestor_account_id,project_id,guarantee_reference_code,system_bmi_ref,product_bmi_ref,reviewer_account_id,coverage,language_code,status,start_date,expiry_date,bmi_reference_id)
VALUES ('2','http://www.africau.edu/images/default/sample.pdf',3,1,'PITCHED_PRODUCT',null,'BMI-NO-PROD-002',null,'PRODUCT','en','APPROVED','2021-04-20 12:00:00','2051-04-20 12:00:00','MOCK-2');
INSERT INTO guarantee(id,file_storage_id,requestor_account_id,project_id,guarantee_reference_code,system_bmi_ref,product_bmi_ref,reviewer_account_id,coverage,language_code,status,start_date,expiry_date,bmi_reference_id)
VALUES ('3','http://www.africau.edu/images/default/sample.pdf',7,3,'FLAT_SOLUTION','BMI-NO-PC21-01',null,null,'SOLUTION','en','REJECTED',null,null,'MOCK-3');
INSERT INTO guarantee(id,file_storage_id,requestor_account_id,project_id,guarantee_reference_code,system_bmi_ref,product_bmi_ref,reviewer_account_id,coverage,language_code,status,start_date,expiry_date,bmi_reference_id)
VALUES ('4','http://www.africau.edu/images/default/sample.pdf',13,4,'FLAT_SOLUTION','BMI-NO-PC21-02',null,null,'SOLUTION','en','APPROVED','2020-12-29 12:00:00','2050-12-29 12:00:00','MOCK-4');


INSERT INTO invitation(id,sender_account_id,company_id,status,invitee,personal_note)
VALUES ('1',3,1,'NEW','devs+13@digitaldetox.co.uk','Hi Alex, come and join the team');
INSERT INTO invitation(id,sender_account_id,company_id,status,invitee,personal_note)
VALUES ('2',3,1,'NEW','devs+14@digitaldetox.co.uk','Hi, come and join the team');


INSERT INTO market(id,language,domain,cms_space_id,name,send_name,send_mailbox,docebo_installers_branch_id,docebo_company_admin_branch_id,docebo_catalogue_id,merchandising_url,projects_enabled,gtag,geo_middle,location_bias_radius_km)
VALUES ('1','en','en','opay6t6wwmup','Endor','BMI Intouch Mapleland','intouch@bmigroup.en','7','8',37,'https://italy.bmiroofpromerch.com/',TRUE,'UA-141761217-2','51.5014,-0.1419',200);
INSERT INTO market(id,language,domain,cms_space_id,name,send_name,send_mailbox,docebo_installers_branch_id,docebo_company_admin_branch_id,docebo_catalogue_id,merchandising_url,projects_enabled,gtag,geo_middle,location_bias_radius_km)
VALUES ('2','no','no','evpdf7auu9nf','BMI InTouch Norge','BMI Norge','intouch.no@bmigroup.com','28','29',14,'https://bmiportalen.bk.no/',TRUE,'UA-141761217-6','60.4720,8.4689',500);
INSERT INTO market(id,language,domain,cms_space_id,name,send_name,send_mailbox,docebo_installers_branch_id,docebo_company_admin_branch_id,docebo_catalogue_id,merchandising_url,projects_enabled,gtag,geo_middle,location_bias_radius_km)
VALUES ('3','it','it','n4smcqp6t757','BMI InTouch Italia','BMI Italia','intouch.it@bmigroup.com','47','47',25,'https://italy.bmiroofpromerch.com/',TRUE,'UA-141761217-2','43.0568,12.4392',200);
INSERT INTO market(id,language,domain,cms_space_id,name,send_name,send_mailbox,docebo_installers_branch_id,docebo_company_admin_branch_id,docebo_catalogue_id,merchandising_url,projects_enabled,gtag,geo_middle,location_bias_radius_km)
VALUES ('4','da','dk','TBC','BMI InTouch Danmark','BMI Danmark','intouch.dk@bmigroup.com','13','13',6,'https://www.bmigroup.com/',TRUE,'UA-141761217-5','55.5919,10.0026',200);
INSERT INTO market(id,language,domain,cms_space_id,name,send_name,send_mailbox,docebo_installers_branch_id,docebo_company_admin_branch_id,docebo_catalogue_id,merchandising_url,projects_enabled,gtag,geo_middle,location_bias_radius_km)
VALUES ('5','pl','pl','opay6t6wwmup','BMI InTouch Poland','BMI Poland','intouch.pl@bmigroup.com','50','50',19,'https://www.bmigroup.com/',TRUE,'UA-141761217-1','52.2297, 21.0122',200);
INSERT INTO market(id,language,domain,cms_space_id,name,send_name,send_mailbox,docebo_installers_branch_id,docebo_company_admin_branch_id,docebo_catalogue_id,merchandising_url,projects_enabled,gtag,geo_middle,location_bias_radius_km)
VALUES ('6','es','es','opay6t6wwmup','BMI InTouch Spain','BMI Spain','intouch.es@bmigroup.com','53','53',21,'https://www.bmigroup.com/',TRUE,'UA-141761217-3','40.416775, -3.703790',200);
INSERT INTO market(id,language,domain,cms_space_id,name,send_name,send_mailbox,docebo_installers_branch_id,docebo_company_admin_branch_id,docebo_catalogue_id,merchandising_url,projects_enabled,gtag,geo_middle,location_bias_radius_km)
VALUES ('7','fi','fi','opay6t6wwmup','BMI InTouch Finland','BMI Finland','intouch.fi@bmigroup.com','44','44',23,'https://www.bmigroup.com/',TRUE,'UA-141761217-4','60.192059, 24.945831',200);
INSERT INTO market(id,language,domain,cms_space_id,name,send_name,send_mailbox,docebo_installers_branch_id,docebo_company_admin_branch_id,docebo_catalogue_id,merchandising_url,projects_enabled,gtag,geo_middle,location_bias_radius_km)
VALUES ('8','en','in','opay6t6wwmup','BMI InTouch India','BMI India','intouch.in@bmigroup.com','NULL','NULL',NULL,'https://www.bmigroup.com/',TRUE,'UA-141761217-7','28.644800,77.216721',200);
INSERT INTO market(id,language,domain,cms_space_id,name,send_name,send_mailbox,docebo_installers_branch_id,docebo_company_admin_branch_id,docebo_catalogue_id,merchandising_url,projects_enabled,gtag,geo_middle,location_bias_radius_km)
VALUES ('9','sv','se','opay6t6wwmup','BMI InTouch Sweden','BMI Sweden','intouch.se@bmigroup.com','10','10',8,'https://www.bmigroup.com/',FALSE,'UA-141761217-8','59.334591,18.063240',500);
INSERT INTO market(id,language,domain,cms_space_id,name,send_name,send_mailbox,docebo_installers_branch_id,docebo_company_admin_branch_id,docebo_catalogue_id,merchandising_url,projects_enabled,gtag,geo_middle,location_bias_radius_km)
VALUES ('10','pt','pt','opay6t6wwmup','BMI InTouch Portugal','BMI Portugal','intouch.pt@bmigroup.com','NULL','NULL',NULL,'https://www.bmigroup.com/',TRUE,'UA-141761217-9','38.736946,-9.142685',200);
INSERT INTO market(id,language,domain,cms_space_id,name,send_name,send_mailbox,docebo_installers_branch_id,docebo_company_admin_branch_id,docebo_catalogue_id,merchandising_url,projects_enabled,gtag,geo_middle,location_bias_radius_km)
VALUES ('11','de','at','opay6t6wwmup','BMI InTouch Austria','BMI Austria','intouch.at@bmigroup.com','NULL','NULL',NULL,'https://www.bmigroup.com/',TRUE,'UA-141761217-10','48.210033,16.363449',200);
INSERT INTO market(id,language,domain,cms_space_id,name,send_name,send_mailbox,docebo_installers_branch_id,docebo_company_admin_branch_id,docebo_catalogue_id,merchandising_url,projects_enabled,gtag,geo_middle,location_bias_radius_km)
VALUES ('12','nl','nl','opay6t6wwmup','BMI InTouch Netherlands','BMI Netherlands','intouch.nl@bmigroup.com','NULL','NULL',NULL,'https://www.bmigroup.com/',TRUE,'UA-141761217-11','52.377956,4.897070',200);
INSERT INTO market(id,language,domain,cms_space_id,name,send_name,send_mailbox,docebo_installers_branch_id,docebo_company_admin_branch_id,docebo_catalogue_id,merchandising_url,projects_enabled,gtag,geo_middle,location_bias_radius_km)
VALUES ('13','sk','sk','opay6t6wwmup','BMI InTouch Slovakia','BMI Slovakia','intouch.sk@bmigroup.com','NULL','NULL',NULL,'https://www.bmigroup.com/',TRUE,'UA-141761217-12','48.148598,17.107748',200);
INSERT INTO market(id,language,domain,cms_space_id,name,send_name,send_mailbox,docebo_installers_branch_id,docebo_company_admin_branch_id,docebo_catalogue_id,merchandising_url,projects_enabled,gtag,geo_middle,location_bias_radius_km)
VALUES ('14','fr','be','opay6t6wwmup','BMI InTouch Belgium','BMI Belgium','intouch.be@bmigroup.com','NULL','NULL',NULL,'https://www.bmigroup.com/',TRUE,'UA-141761217-13','50.85045,4.34878',200);
INSERT INTO market(id,language,domain,cms_space_id,name,send_name,send_mailbox,docebo_installers_branch_id,docebo_company_admin_branch_id,docebo_catalogue_id,merchandising_url,projects_enabled,gtag,geo_middle,location_bias_radius_km)
VALUES ('15','de','de','opay6t6wwmup','BMI InTouch Germany','BMI Germany','intouch.de@bmigroup.com','62','62',35,'https://www.bmigroup.com/',FALSE,'UA-141761217-14','52.520008,13.404954',200);
INSERT INTO market(id,language,domain,cms_space_id,name,send_name,send_mailbox,docebo_installers_branch_id,docebo_company_admin_branch_id,docebo_catalogue_id,merchandising_url,projects_enabled,gtag,geo_middle,location_bias_radius_km)
VALUES ('16','fr','fr','opay6t6wwmup','BMI InTouch France','BMI France','intouch.fr@bmigroup.com','NULL','NULL',NULL,'https://www.bmigroup.com/',TRUE,'UA-141761217-15','48.864716,2.349014',200);
INSERT INTO market(id,language,domain,cms_space_id,name,send_name,send_mailbox,docebo_installers_branch_id,docebo_company_admin_branch_id,docebo_catalogue_id,merchandising_url,projects_enabled,gtag,geo_middle,location_bias_radius_km)
VALUES ('17','en','uk','opay6t6wwmup','BMI InTouch UK','BMI UK','intouch.uk@bmigroup.com','7','7',4,'https://www.bmigroup.com/',FALSE,'UA-141761217-16','51.5014,-0.1419',200);
INSERT INTO market(id,language,domain,cms_space_id,name,send_name,send_mailbox,docebo_installers_branch_id,docebo_company_admin_branch_id,docebo_catalogue_id,merchandising_url,projects_enabled,gtag,geo_middle,location_bias_radius_km)
VALUES ('18','en','my','opay6t6wwmup','BMI InTouch Malaysia','BMI Malaysia','intouch.my@bmigroup.com','70','70',32,'https://www.bmigroup.com/',TRUE,'UA-141761217-17','3.1390,101.6869',200);


INSERT INTO note(id,author_id,project_id,body)
VALUES ('1',2,4,'Good job Alex');
INSERT INTO note(id,author_id,project_id,body)
VALUES ('2',1,3,'Please use compaitble buffing material');


INSERT INTO notification(id,account_id,send_date,read,body)
VALUES ('1',3,'2021-08-17 23:20:11',TRUE,'On a the M6 near Birmingham');
INSERT INTO notification(id,account_id,send_date,read,body)
VALUES ('2',3,'2021-08-17 23:20:11',FALSE,'Cool wind in my hair. See project page on the [bbc website](https://bbc.co.uk)');
INSERT INTO notification(id,account_id,send_date,read,body)
VALUES ('3',3,'2021-08-13 21:20:11',TRUE,'Warm smell of colitas rising up through the air');
INSERT INTO notification(id,account_id,send_date,read,body)
VALUES ('4',7,'2021-05-11 21:20:11',FALSE,'and thence we issued forth to see again the stars');
INSERT INTO notification(id,account_id,send_date,read,body)
VALUES ('5',7,'2021-08-17 21:20:11',TRUE,'All hope abandon, ye who enter here!');
INSERT INTO notification(id,account_id,send_date,read,body)
VALUES ('6',7,'2021-08-17 21:20:11',FALSE,'The wisest are the most annoyed at the loss of time');
INSERT INTO notification(id,account_id,send_date,read,body)
VALUES ('7',3,'2021-05-17 21:20:11',TRUE,'Warm smell of Morleys chicken rising up through the air');


INSERT INTO product(id,market_id,technology,bmi_ref,brand,name,description,family,published,maximum_validity_years)
VALUES ('1',1,'PITCHED','BMI-NO-PROD-001','Zanda','Zanda Vestland',null,'Betongtakstein',TRUE,30);
INSERT INTO product(id,market_id,technology,bmi_ref,brand,name,description,family,published,maximum_validity_years)
VALUES ('2',1,'PITCHED','BMI-NO-PROD-002','Zanda','Zanda Classic',null,'Betongtakstein',TRUE,30);
INSERT INTO product(id,market_id,technology,bmi_ref,brand,name,description,family,published,maximum_validity_years)
VALUES ('3',1,'PITCHED','BMI-NO-PROD-003','Zanda','Zanda Protector',null,'Betongtakstein',TRUE,30);
INSERT INTO product(id,market_id,technology,bmi_ref,brand,name,description,family,published,maximum_validity_years)
VALUES ('4',1,'PITCHED','BMI-NO-PROD-004','Zanda','Zanda Arktis',null,'Betongtakstein',TRUE,30);
INSERT INTO product(id,market_id,technology,bmi_ref,brand,name,description,family,published,maximum_validity_years)
VALUES ('5',1,'PITCHED','BMI-NO-PROD-005','Zanda','Zanda Minster',null,'Betongtakstein',TRUE,30);
INSERT INTO product(id,market_id,technology,bmi_ref,brand,name,description,family,published,maximum_validity_years)
VALUES ('6',1,'PITCHED','BMI-NO-PROD-006','Zanda','Zanda Evo',null,'Betongtakstein',TRUE,30);
INSERT INTO product(id,market_id,technology,bmi_ref,brand,name,description,family,published,maximum_validity_years)
VALUES ('7',1,'PITCHED','BMI-NO-PROD-007','Monier','Turmalin',null,'Tegltakstein',TRUE,30);
INSERT INTO product(id,market_id,technology,bmi_ref,brand,name,description,family,published,maximum_validity_years)
VALUES ('8',1,'PITCHED','BMI-NO-PROD-008','Monier','KDN VH',null,'Tegltakstein',TRUE,30);
INSERT INTO product(id,market_id,technology,bmi_ref,brand,name,description,family,published,maximum_validity_years)
VALUES ('9',1,'PITCHED','BMI-NO-PROD-009','Monier','Hollander V',null,'Tegltakstein',TRUE,30);
INSERT INTO product(id,market_id,technology,bmi_ref,brand,name,description,family,published,maximum_validity_years)
VALUES ('10',1,'PITCHED','BMI-NO-PROD-010','Monier','Nortegl',null,'Tegltakstein',TRUE,30);
INSERT INTO product(id,market_id,technology,bmi_ref,brand,name,description,family,published,maximum_validity_years)
VALUES ('11',1,'PITCHED','BMI-NO-PROD-011','Monier','Nova',null,'Tegltakstein',TRUE,30);
INSERT INTO product(id,market_id,technology,bmi_ref,brand,name,description,family,published,maximum_validity_years)
VALUES ('12',1,'PITCHED','BMI-NO-PROD-012','AeroDek','AeroDek Tradition Plus',null,'Ståltakpanne',TRUE,40);
INSERT INTO product(id,market_id,technology,bmi_ref,brand,name,description,family,published,maximum_validity_years)
VALUES ('13',1,'PITCHED','BMI-NO-PROD-013','AeroDek','AeroDek Robust Plus',null,'Ståltakpanne',TRUE,40);
INSERT INTO product(id,market_id,technology,bmi_ref,brand,name,description,family,published,maximum_validity_years)
VALUES ('14',1,'PITCHED','BMI-NO-PROD-014','AeroDek','AeroDek Unique Plus',null,'Ståltakpanne',TRUE,30);
INSERT INTO product(id,market_id,technology,bmi_ref,brand,name,description,family,published,maximum_validity_years)
VALUES ('15',1,'PITCHED','BMI-NO-PROD-015','AeroDek','AeroDek Quadro Plus',null,'Ståltakpanne',TRUE,30);
INSERT INTO product(id,market_id,technology,bmi_ref,brand,name,description,family,published,maximum_validity_years)
VALUES ('16',1,'PITCHED','BMI-NO-PROD-016','AeroDek','AeroDek Tradition',null,'Ståltakpanne',TRUE,30);
INSERT INTO product(id,market_id,technology,bmi_ref,brand,name,description,family,published,maximum_validity_years)
VALUES ('17',1,'PITCHED','BMI-NO-PROD-017','Icopal','Icopal Super D',null,'Undertak',TRUE,2);
INSERT INTO product(id,market_id,technology,bmi_ref,brand,name,description,family,published,maximum_validity_years)
VALUES ('18',1,'PITCHED','BMI-NO-PROD-018','Icopal','Icopal Ultra D',null,'Undertak',TRUE,2);
INSERT INTO product(id,market_id,technology,bmi_ref,brand,name,description,family,published,maximum_validity_years)
VALUES ('19',1,'PITCHED','BMI-NO-PROD-019','BMI','BMI Ventex Supra',null,'Undertak',TRUE,2);
INSERT INTO product(id,market_id,technology,bmi_ref,brand,name,description,family,published,maximum_validity_years)
VALUES ('20',1,'FLAT','BMI-NO-PROD-020','BMI','BMI Hemsedal Supra',null,'Undertak',TRUE,10);
INSERT INTO product(id,market_id,technology,bmi_ref,brand,name,description,family,published,maximum_validity_years)
VALUES ('21',1,'FLAT','BMI-NO-PROD-021','Icopal','Icopal Trysil D',null,'Stein tak',TRUE,10);


INSERT INTO project(id,company_id,site_address_id,building_owner_address_id,technology,name,description,hidden,roof_area,building_owner_mail,building_owner_firstname,building_owner_lastname,building_owner_company,start_date,end_date)
VALUES ('1',1,7,11,'PITCHED','St Matthews Church','Fix the roof',FALSE,504,'ccardenoza0@sogou.com','Alice','Malice','Alice in Cheam','2021-01-01 08:23:58','2021-01-04 08:23:58');
INSERT INTO project(id,company_id,site_address_id,building_owner_address_id,technology,name,description,hidden,roof_area,building_owner_mail,building_owner_firstname,building_owner_lastname,building_owner_company,start_date,end_date)
VALUES ('2',1,8,12,'FLAT','Pop Brixton','Replace the roof',FALSE,166,'achazelle1@statcounter.com','Bob','Bigwick',null,'2021-07-01 08:23:58','2021-11-04 08:23:58');
INSERT INTO project(id,company_id,site_address_id,building_owner_address_id,technology,name,description,hidden,roof_area,building_owner_mail,building_owner_firstname,building_owner_lastname,building_owner_company,start_date,end_date)
VALUES ('3',2,9,13,'FLAT','Brixton Academy','Do up the roof',FALSE,147,'jkirkpatrick2@unesco.org','Charlie','Wright','Wright Brothers','2021-01-02 08:23:58','2021-02-04 08:23:58');
INSERT INTO project(id,company_id,site_address_id,building_owner_address_id,technology,name,description,hidden,roof_area,building_owner_mail,building_owner_firstname,building_owner_lastname,building_owner_company,start_date,end_date)
VALUES ('4',3,10,14,'FLAT','Ministry of Sound','Waterproof old roof',TRUE,731,'kferrarini3@smugmug.com','Dave','Le Rave',null,'2020-11-04 08:23:58','2020-12-04 08:23:58');
INSERT INTO project(id,company_id,site_address_id,building_owner_address_id,technology,name,description,hidden,roof_area,building_owner_mail,building_owner_firstname,building_owner_lastname,building_owner_company,start_date,end_date)
VALUES ('5',2,15,16,'FLAT','Nandos','Put in outdoor seating area',FALSE,50,'kferrarini3@smugmug.com','Dave','Le Rave',null,'2021-02-04 08:23:58','2021-12-04 08:23:58');


INSERT INTO project_member(id,project_id,account_id,is_responsible_installer)
VALUES ('1',1,3,FALSE);
INSERT INTO project_member(id,project_id,account_id,is_responsible_installer)
VALUES ('2',1,4,FALSE);
INSERT INTO project_member(id,project_id,account_id,is_responsible_installer)
VALUES ('3',1,5,FALSE);
INSERT INTO project_member(id,project_id,account_id,is_responsible_installer)
VALUES ('4',2,3,FALSE);
INSERT INTO project_member(id,project_id,account_id,is_responsible_installer)
VALUES ('5',2,5,FALSE);
INSERT INTO project_member(id,project_id,account_id,is_responsible_installer)
VALUES ('6',2,6,FALSE);
INSERT INTO project_member(id,project_id,account_id,is_responsible_installer)
VALUES ('7',3,7,TRUE);
INSERT INTO project_member(id,project_id,account_id,is_responsible_installer)
VALUES ('8',3,8,FALSE);
INSERT INTO project_member(id,project_id,account_id,is_responsible_installer)
VALUES ('9',3,9,FALSE);
INSERT INTO project_member(id,project_id,account_id,is_responsible_installer)
VALUES ('10',4,10,FALSE);


INSERT INTO system(id,market_id,technology,bmi_ref,name,description,maximum_validity_years,published)
VALUES ('1',1,'PITCHED','BMI-NO-PC21-01','Zanda Vestland + Icopal Super D','Zanda Vestland er en klassisk betongtakstein med ubehandlet overflate',20,TRUE);
INSERT INTO system(id,market_id,technology,bmi_ref,name,description,maximum_validity_years,published)
VALUES ('2',1,'PITCHED','BMI-NO-PC21-02','Zanda Vestland + Icopal Ultra D','Zanda Vestland er en klassisk betongtakstein med ubehandlet overflate',20,TRUE);
INSERT INTO system(id,market_id,technology,bmi_ref,name,description,maximum_validity_years,published)
VALUES ('3',1,'PITCHED','BMI-NO-PC21-03','Zanda Vestland + BMI Ventex Supra','Zanda Vestland er en klassisk betongtakstein med ubehandlet overflate',20,TRUE);
INSERT INTO system(id,market_id,technology,bmi_ref,name,description,maximum_validity_years,published)
VALUES ('4',1,'PITCHED','BMI-NO-PC22-01','Zanda Classic + Icopal Super D','Zanda Classic er en prisgunstig takstein med en tradisjonell, behandlet overflate.',20,TRUE);
INSERT INTO system(id,market_id,technology,bmi_ref,name,description,maximum_validity_years,published)
VALUES ('5',1,'PITCHED','BMI-NO-PC22-02','Zanda Classic + Icopal Ultra D','Zanda Classic er en prisgunstig takstein med en tradisjonell, behandlet overflate.',20,TRUE);
INSERT INTO system(id,market_id,technology,bmi_ref,name,description,maximum_validity_years,published)
VALUES ('6',1,'PITCHED','BMI-NO-PC22-03','Zanda Classic + BMI Ventex Supra','Zanda Classic er en prisgunstig takstein med en tradisjonell, behandlet overflate.',20,TRUE);
INSERT INTO system(id,market_id,technology,bmi_ref,name,description,maximum_validity_years,published)
VALUES ('7',1,'PITCHED','BMI-NO-PC23-01','Zanda Protector + Icopal Super D','Zanda Protector har en blank overflate med et unikt overflatebelegg som beskytter mot tilgroing og UV-stråling.',20,TRUE);
INSERT INTO system(id,market_id,technology,bmi_ref,name,description,maximum_validity_years,published)
VALUES ('8',1,'PITCHED','BMI-NO-PC23-02','Zanda Protector + Icopal Ultra D','Zanda Protector har en blank overflate med et unikt overflatebelegg som beskytter mot tilgroing og UV-stråling.',20,TRUE);
INSERT INTO system(id,market_id,technology,bmi_ref,name,description,maximum_validity_years,published)
VALUES ('9',1,'PITCHED','BMI-NO-PC23-03','Zanda Protector + BMI Ventex Supra','Zanda Protector har en blank overflate med et unikt overflatebelegg som beskytter mot tilgroing og UV-stråling.',20,TRUE);
INSERT INTO system(id,market_id,technology,bmi_ref,name,description,maximum_validity_years,published)
VALUES ('10',1,'PITCHED','BMI-NO-PC24-01','Zanda Arktis + Icopal Super D','Zanda Arctic er vår mest holdbare betongtakstein med kvarts og fargepigmenter.',20,TRUE);
INSERT INTO system(id,market_id,technology,bmi_ref,name,description,maximum_validity_years,published)
VALUES ('11',1,'PITCHED','BMI-NO-PC24-02','Zanda Arktis + Icopal Ultra D','Zanda Arctic er vår mest holdbare betongtakstein med kvarts og fargepigmenter.',20,TRUE);
INSERT INTO system(id,market_id,technology,bmi_ref,name,description,maximum_validity_years,published)
VALUES ('12',1,'PITCHED','BMI-NO-PC24-03','Zanda Arktis + BMI Ventex Supra','Zanda Arctic er vår mest holdbare betongtakstein med kvarts og fargepigmenter.',20,TRUE);
INSERT INTO system(id,market_id,technology,bmi_ref,name,description,maximum_validity_years,published)
VALUES ('13',1,'PITCHED','BMI-NO-PC25-01','Zanda Minster + Icopal Super D','Zanda Minster er en trendy og flat takstein som ofte benyttes på moderne arkitektur.',20,TRUE);
INSERT INTO system(id,market_id,technology,bmi_ref,name,description,maximum_validity_years,published)
VALUES ('14',1,'PITCHED','BMI-NO-PC25-02','Zanda Minster + Icopal Ultra D','Zanda Minster er en trendy og flat takstein som ofte benyttes på moderne arkitektur.',20,TRUE);
INSERT INTO system(id,market_id,technology,bmi_ref,name,description,maximum_validity_years,published)
VALUES ('15',1,'PITCHED','BMI-NO-PC25-03','Zanda Minster + BMI Ventex Supra','Zanda Minster er en trendy og flat takstein som ofte benyttes på moderne arkitektur.',20,TRUE);
INSERT INTO system(id,market_id,technology,bmi_ref,name,description,maximum_validity_years,published)
VALUES ('16',1,'PITCHED','BMI-NO-PC26-01','Zanda Evo + Icopal Super D','Zanda Evo er en flat betongtakstein som fås i fargene sort og mørk grå.',20,TRUE);
INSERT INTO system(id,market_id,technology,bmi_ref,name,description,maximum_validity_years,published)
VALUES ('17',1,'PITCHED','BMI-NO-PC26-02','Zanda Evo + Icopal Ultra D','Zanda Evo er en flat betongtakstein som fås i fargene sort og mørk grå.',20,TRUE);
INSERT INTO system(id,market_id,technology,bmi_ref,name,description,maximum_validity_years,published)
VALUES ('18',1,'PITCHED','BMI-NO-PC26-03','Zanda Evo + BMI Ventex Supra','Zanda Evo er en flat betongtakstein som fås i fargene sort og mørk grå.',20,TRUE);
INSERT INTO system(id,market_id,technology,bmi_ref,name,description,maximum_validity_years,published)
VALUES ('19',1,'PITCHED','BMI-NO-PCL21-01','Turmalin + Icopal Super D','Turmalin er en moderne, flat teglstein, finnes i en rekke ulike farger og overflater.',20,TRUE);
INSERT INTO system(id,market_id,technology,bmi_ref,name,description,maximum_validity_years,published)
VALUES ('20',1,'PITCHED','BMI-NO-PCL21-02','Turmalin + Icopal Ultra D','Turmalin er en moderne, flat teglstein, finnes i en rekke ulike farger og overflater.',20,TRUE);
INSERT INTO system(id,market_id,technology,bmi_ref,name,description,maximum_validity_years,published)
VALUES ('21',1,'PITCHED','BMI-NO-PCL21-03','Turmalin + BMI Ventex Supra','Turmalin er en moderne, flat teglstein, finnes i en rekke ulike farger og overflater.',20,TRUE);
INSERT INTO system(id,market_id,technology,bmi_ref,name,description,maximum_validity_years,published)
VALUES ('22',1,'PITCHED','BMI-NO-PCL22-01','KDN VH + Icopal Super D','KDN tegltakstein er den originale hollandske glaserte taksteinen.',20,TRUE);
INSERT INTO system(id,market_id,technology,bmi_ref,name,description,maximum_validity_years,published)
VALUES ('23',1,'PITCHED','BMI-NO-PCL22-02','KDN VH + Icopal Ultra D','KDN tegltakstein er den originale hollandske glaserte taksteinen.',20,TRUE);
INSERT INTO system(id,market_id,technology,bmi_ref,name,description,maximum_validity_years,published)
VALUES ('24',1,'PITCHED','BMI-NO-PCL22-03','KDN VH + BMI Ventex Supra','KDN tegltakstein er den originale hollandske glaserte taksteinen.',20,TRUE);
INSERT INTO system(id,market_id,technology,bmi_ref,name,description,maximum_validity_years,published)
VALUES ('25',1,'PITCHED','BMI-NO-PCL23-01','Hollander V + Icopal Super D','Hollander-V er en formpresset takstein med én side- og én toppfals.',20,TRUE);
INSERT INTO system(id,market_id,technology,bmi_ref,name,description,maximum_validity_years,published)
VALUES ('26',1,'PITCHED','BMI-NO-PCL23-02','Hollander V + Icopal Ultra D','Hollander-V er en formpresset takstein med én side- og én toppfals.',20,TRUE);
INSERT INTO system(id,market_id,technology,bmi_ref,name,description,maximum_validity_years,published)
VALUES ('27',1,'PITCHED','BMI-NO-PCL23-03','Hollander V + BMI Ventex Supra','Hollander-V er en formpresset takstein med én side- og én toppfals.',20,TRUE);
INSERT INTO system(id,market_id,technology,bmi_ref,name,description,maximum_validity_years,published)
VALUES ('28',1,'PITCHED','BMI-NO-PCL24-01','Nortegl + Icopal Super D','Nortegl er en falset tegltakstein med klassisk, nordisk form.',20,TRUE);
INSERT INTO system(id,market_id,technology,bmi_ref,name,description,maximum_validity_years,published)
VALUES ('29',1,'PITCHED','BMI-NO-PCL24-02','Nortegl + Icopal Ultra D','Nortegl er en falset tegltakstein med klassisk, nordisk form.',20,TRUE);
INSERT INTO system(id,market_id,technology,bmi_ref,name,description,maximum_validity_years,published)
VALUES ('30',1,'PITCHED','BMI-NO-PCL24-03','Nortegl + BMI Ventex Supra','Nortegl er en falset tegltakstein med klassisk, nordisk form.',20,TRUE);
INSERT INTO system(id,market_id,technology,bmi_ref,name,description,maximum_validity_years,published)
VALUES ('31',1,'PITCHED','BMI-NO-PCL25-01','Nova + Icopal Super D','Nova er en rimelig, men teknisk avansert enkeltkrum tegltakstein med god passform.',20,TRUE);
INSERT INTO system(id,market_id,technology,bmi_ref,name,description,maximum_validity_years,published)
VALUES ('32',1,'PITCHED','BMI-NO-PCL25-02','Nova + Icopal Ultra D','Nova er en rimelig, men teknisk avansert enkeltkrum tegltakstein med god passform.',20,TRUE);
INSERT INTO system(id,market_id,technology,bmi_ref,name,description,maximum_validity_years,published)
VALUES ('33',1,'PITCHED','BMI-NO-PCL25-03','Nova + BMI Ventex Supra','Nova er en rimelig, men teknisk avansert enkeltkrum tegltakstein med god passform.',20,TRUE);
INSERT INTO system(id,market_id,technology,bmi_ref,name,description,maximum_validity_years,published)
VALUES ('34',1,'PITCHED','BMI-NO-PM21-01','AeroDek Tradition Plus + Icopal Super D','Tradition Plus er en råsterk, vakker og tidløs ståltakpanne.',20,TRUE);
INSERT INTO system(id,market_id,technology,bmi_ref,name,description,maximum_validity_years,published)
VALUES ('35',1,'PITCHED','BMI-NO-PM21-02','AeroDek Tradition Plus + Icopal Ultra D','Tradition Plus er en råsterk, vakker og tidløs ståltakpanne.',20,TRUE);
INSERT INTO system(id,market_id,technology,bmi_ref,name,description,maximum_validity_years,published)
VALUES ('36',1,'PITCHED','BMI-NO-PM21-03','AeroDek Tradition Plus + BMI Ventex Supra','Tradition Plus er en råsterk, vakker og tidløs ståltakpanne.',20,TRUE);
INSERT INTO system(id,market_id,technology,bmi_ref,name,description,maximum_validity_years,published)
VALUES ('37',1,'PITCHED','BMI-NO-PM22-01','AeroDek Robust Plus + Icopal Super D','Med Robust Plus får du takpanner med et unikt utseende som passer ekstra godt til hus og hytter.',20,TRUE);
INSERT INTO system(id,market_id,technology,bmi_ref,name,description,maximum_validity_years,published)
VALUES ('38',1,'PITCHED','BMI-NO-PM22-02','AeroDek Robust Plus + Icopal Ultra D','Med Robust Plus får du takpanner med et unikt utseende som passer ekstra godt til hus og hytter.',20,TRUE);
INSERT INTO system(id,market_id,technology,bmi_ref,name,description,maximum_validity_years,published)
VALUES ('39',1,'PITCHED','BMI-NO-PM22-03','AeroDek Robust Plus + BMI Ventex Supra','Med Robust Plus får du takpanner med et unikt utseende som passer ekstra godt til hus og hytter.',20,TRUE);
INSERT INTO system(id,market_id,technology,bmi_ref,name,description,maximum_validity_years,published)
VALUES ('40',1,'PITCHED','BMI-NO-PM23-01','AeroDek Unique Plus + Icopal Super D','Unique Plus har en høyglanset eller matt overflate av slagsterk pulverlakk, noe som gir den et eksklusivt og stilig utseende.',20,TRUE);
INSERT INTO system(id,market_id,technology,bmi_ref,name,description,maximum_validity_years,published)
VALUES ('41',1,'PITCHED','BMI-NO-PM23-02','AeroDek Unique Plus + Icopal Ultra D','Unique Plus har en høyglanset eller matt overflate av slagsterk pulverlakk, noe som gir den et eksklusivt og stilig utseende.',20,TRUE);
INSERT INTO system(id,market_id,technology,bmi_ref,name,description,maximum_validity_years,published)
VALUES ('42',1,'PITCHED','BMI-NO-PM23-03','AeroDek Unique Plus + BMI Ventex Supra','Unique Plus har en høyglanset eller matt overflate av slagsterk pulverlakk, noe som gir den et eksklusivt og stilig utseende.',20,TRUE);
INSERT INTO system(id,market_id,technology,bmi_ref,name,description,maximum_validity_years,published)
VALUES ('43',1,'PITCHED','BMI-NO-PM24-01','AeroDek Quadro Plus + Icopal Super D','Quadro Plus takstein har en flat profil, som er i stil med den moderne og minimalistiske byggestilen.',20,TRUE);
INSERT INTO system(id,market_id,technology,bmi_ref,name,description,maximum_validity_years,published)
VALUES ('44',1,'PITCHED','BMI-NO-PM24-02','AeroDek Quadro Plus + Icopal Ultra D','Quadro Plus takstein har en flat profil, som er i stil med den moderne og minimalistiske byggestilen.',20,TRUE);
INSERT INTO system(id,market_id,technology,bmi_ref,name,description,maximum_validity_years,published)
VALUES ('45',1,'PITCHED','BMI-NO-PM24-03','AeroDek Quadro Plus + BMI Ventex Supra','Quadro Plus takstein har en flat profil, som er i stil med den moderne og minimalistiske byggestilen.',20,TRUE);
INSERT INTO system(id,market_id,technology,bmi_ref,name,description,maximum_validity_years,published)
VALUES ('46',1,'PITCHED','BMI-NO-PM25-01','AeroDek Tradition + Icopal Super D','AeroDek Tradition er den prisgunstige varianten av Norges mest solgte ståltakpanner.',20,TRUE);
INSERT INTO system(id,market_id,technology,bmi_ref,name,description,maximum_validity_years,published)
VALUES ('47',1,'PITCHED','BMI-NO-PM25-02','AeroDek Tradition + Icopal Ultra D','AeroDek Tradition er den prisgunstige varianten av Norges mest solgte ståltakpanner.',20,TRUE);
INSERT INTO system(id,market_id,technology,bmi_ref,name,description,maximum_validity_years,published)
VALUES ('48',1,'PITCHED','BMI-NO-PM25-03','AeroDek Tradition + BMI Ventex Supra','AeroDek Tradition er den prisgunstige varianten av Norges mest solgte ståltakpanner.',20,TRUE);


INSERT INTO system_member(id,system_bmi_ref,product_bmi_ref,market_id)
VALUES ('1','BMI-NO-PC21-01','BMI-NO-PROD-001',1);
INSERT INTO system_member(id,system_bmi_ref,product_bmi_ref,market_id)
VALUES ('2','BMI-NO-PC21-01','BMI-NO-PROD-017',1);
INSERT INTO system_member(id,system_bmi_ref,product_bmi_ref,market_id)
VALUES ('3','BMI-NO-PC21-02','BMI-NO-PROD-001',1);
INSERT INTO system_member(id,system_bmi_ref,product_bmi_ref,market_id)
VALUES ('4','BMI-NO-PC21-02','BMI-NO-PROD-018',1);
INSERT INTO system_member(id,system_bmi_ref,product_bmi_ref,market_id)
VALUES ('5','BMI-NO-PC21-03','BMI-NO-PROD-001',1);
INSERT INTO system_member(id,system_bmi_ref,product_bmi_ref,market_id)
VALUES ('6','BMI-NO-PC21-03','BMI-NO-PROD-019',1);

SELECT SETVAL('account_id_seq', (select MAX(ID) from account));
SELECT SETVAL('address_id_seq', (select MAX(ID) from address));
SELECT SETVAL('certification_id_seq', (select MAX(ID) from certification));
SELECT SETVAL('company_id_seq', (select MAX(ID) from company)); 
SELECT SETVAL('company_reference_number_seq', (select MAX(reference_number) from company));
SELECT SETVAL('company_document_id_seq', (select MAX(ID) from company_document));
SELECT SETVAL('company_member_id_seq', (select MAX(ID) from company_member));
SELECT SETVAL('company_operation_id_seq', (select MAX(ID) from company_operation));
SELECT SETVAL('evidence_item_id_seq', (select MAX(ID) from evidence_item));
SELECT SETVAL('guarantee_id_seq', (select MAX(ID) from guarantee));
SELECT SETVAL('invitation_id_seq', (select MAX(ID) from invitation));
SELECT SETVAL('market_id_seq', (select MAX(ID) from market));
SELECT SETVAL('note_id_seq', (select MAX(ID) from note));
SELECT SETVAL('notification_id_seq', (select MAX(ID) from notification));
SELECT SETVAL('product_id_seq', (select MAX(ID) from product));
SELECT SETVAL('project_id_seq', (select MAX(ID) from project));
SELECT SETVAL('project_member_id_seq', (select MAX(ID) from project_member));
SELECT SETVAL('system_id_seq', (select MAX(ID) from system));
SELECT SETVAL('system_member_id_seq', (select MAX(ID) from system_member));
